id;first_name;last_name;address;contact_no;email_address;salary;gst_on_salary;last_modified
1;Dolores;Adams;Representative invoice;Chilean Central;Gold Point;Identity e-enable;SQL deposit;e-enable
2;Monty;Wyman;Designer;grey circuit Intelligent;Pants Architect;grey;Solutions granular;Chicken world-class
3;Keara;MacGyver;Books Avon;explicit Florida optical;Wisconsin;Agent Jewelery;drive Wisconsin Timor-Leste;Account Rial dedicated
4;Linnea;Conn;COM;Tuna;invoice Practical;Account;Investment withdrawal;Bedfordshire Steel Consultant
5;Jolie;McDermott;Wooden;quantify global;Fresh Taka;Borders;Sports;Granite Bike
6;Clark;Schmitt;SSL;hack Tuna alarm;orange;Cambridgeshire calculate magnetic;Total Intranet backing;Christmas
7;Cicero;Ratke;salmon;Place hacking;deliverables application;redundant;Investment;Berkshire
8;Frederick;Rogahn;transmitter;Bacon;deposit;International;Factors open-source action-items;reinvent mesh Louisiana
9;Aleen;Skiles;Paradigm XML scale;Account;parse Courts Rhode;Gloves wireless;Steel best-of-breed lime;gold
10;Fanny;Jerde;auxiliary program;matrix Towels;Table Avon utilize;payment Ergonomic;schemas Table;Investor compress Mills
